﻿<?xml version="1.0" encoding="utf-8" ?>
<c2eventsheet>
    <!--All the 'name' attributes are ignored by Construct 2 - they are there for readability only.-->
    <name>Event sheet 2</name>
    <events>
        <event-block sid="6805158999073298">
            <conditions>
                <condition id="2" name="Key is down" sid="1305260790357229" type="Keyboard">
                    <param id="0" name="Key">32 (Barra Espaciadora)</param>
                </condition>
            </conditions>
            <actions>
                <action id="-25" name="Go to layout (by name)" sid="2471453167313442" type="System">
                    <param id="0" name="Layout">&quot;pueblo&quot;</param>
                </action>
            </actions>
        </event-block>
        <event-block sid="910296768621971">
            <conditions>
                <condition id="2" name="Key is down" sid="1801532496491398" type="Keyboard">
                    <param id="0" name="Key">38 (Up arrow)</param>
                </condition>
            </conditions>
            <actions>
                <action id="4" name="Set animation" sid="8374845907427687" type="jugador">
                    <param id="0" name="Animation">&quot;Arriba&quot;</param>
                    <param id="1" name="From">1</param>
                </action>
                <action id="-10" name="Set value" sid="3293875814634189" type="jugador">
                    <param id="0" name="Instance variable">movimientoActual</param>
                    <param id="1" name="Value">jugador.AnimationName</param>
                </action>
            </actions>
        </event-block>
        <event-block sid="2234850926569643">
            <conditions>
                <condition id="2" name="Key is down" sid="3437799526495821" type="Keyboard">
                    <param id="0" name="Key">40 (Down arrow)</param>
                </condition>
            </conditions>
            <actions>
                <action id="4" name="Set animation" sid="9940298786171406" type="jugador">
                    <param id="0" name="Animation">&quot;Abajo&quot;</param>
                    <param id="1" name="From">1</param>
                </action>
                <action id="-10" name="Set value" sid="3000451407288687" type="jugador">
                    <param id="0" name="Instance variable">movimientoActual</param>
                    <param id="1" name="Value">jugador.AnimationName</param>
                </action>
            </actions>
        </event-block>
        <event-block sid="5465894514221193">
            <conditions>
                <condition id="2" name="Key is down" sid="4152248032222641" type="Keyboard">
                    <param id="0" name="Key">37 (Left arrow)</param>
                </condition>
            </conditions>
            <actions>
                <action id="4" name="Set animation" sid="5210445275630272" type="jugador">
                    <param id="0" name="Animation">&quot;Izquierda&quot;</param>
                    <param id="1" name="From">1</param>
                </action>
                <action id="-10" name="Set value" sid="5139229271690122" type="jugador">
                    <param id="0" name="Instance variable">movimientoActual</param>
                    <param id="1" name="Value">jugador.AnimationName</param>
                </action>
            </actions>
        </event-block>
        <event-block sid="3885456207033937">
            <conditions>
                <condition id="2" name="Key is down" sid="3768207574127199" type="Keyboard">
                    <param id="0" name="Key">39 (Right arrow)</param>
                </condition>
            </conditions>
            <actions>
                <action id="4" name="Set animation" sid="8777181412584658" type="jugador">
                    <param id="0" name="Animation">&quot;Derecha&quot;</param>
                    <param id="1" name="From">1</param>
                </action>
                <action id="-10" name="Set value" sid="3002878534385802" type="jugador">
                    <param id="0" name="Instance variable">movimientoActual</param>
                    <param id="1" name="Value">jugador.AnimationName</param>
                </action>
            </actions>
        </event-block>
        <event-block sid="3320342122081634">
            <conditions>
                <condition id="7" name="On any key released" sid="5000257456299522" type="Keyboard" />
                <condition id="-7" name="Compare instance variable" sid="9524626379237637" type="jugador">
                    <param id="0" name="Instance variable">movimientoActual</param>
                    <param id="1" name="Comparison">0</param>
                    <param id="2" name="Value">&quot;Arriba&quot;</param>
                </condition>
            </conditions>
            <actions>
                <action id="4" name="Set animation" sid="5288271984289989" type="jugador">
                    <param id="0" name="Animation">&quot;Default&quot;</param>
                    <param id="1" name="From">1</param>
                </action>
                <action id="5" name="Set frame" sid="8164960979136938" type="jugador">
                    <param id="0" name="Frame number">1</param>
                </action>
            </actions>
        </event-block>
        <event-block sid="9770638377840923">
            <conditions>
                <condition id="7" name="On any key released" sid="5702634924108701" type="Keyboard" />
                <condition id="-7" name="Compare instance variable" sid="2995724919738845" type="jugador">
                    <param id="0" name="Instance variable">movimientoActual</param>
                    <param id="1" name="Comparison">0</param>
                    <param id="2" name="Value">&quot;Abajo&quot;</param>
                </condition>
            </conditions>
            <actions>
                <action id="4" name="Set animation" sid="7671948869734292" type="jugador">
                    <param id="0" name="Animation">&quot;Default&quot;</param>
                    <param id="1" name="From">1</param>
                </action>
                <action id="5" name="Set frame" sid="7836028617689819" type="jugador">
                    <param id="0" name="Frame number">0</param>
                </action>
            </actions>
        </event-block>
        <event-block sid="2842878563494002">
            <conditions>
                <condition id="7" name="On any key released" sid="66990462047301" type="Keyboard" />
                <condition id="-7" name="Compare instance variable" sid="7114160049827896" type="jugador">
                    <param id="0" name="Instance variable">movimientoActual</param>
                    <param id="1" name="Comparison">0</param>
                    <param id="2" name="Value">&quot;Izquierda&quot;</param>
                </condition>
            </conditions>
            <actions>
                <action id="4" name="Set animation" sid="4253375367429693" type="jugador">
                    <param id="0" name="Animation">&quot;Default&quot;</param>
                    <param id="1" name="From">1</param>
                </action>
                <action id="5" name="Set frame" sid="4642638392034486" type="jugador">
                    <param id="0" name="Frame number">2</param>
                </action>
            </actions>
        </event-block>
        <event-block sid="6844740417368233">
            <conditions>
                <condition id="7" name="On any key released" sid="8488160139498877" type="Keyboard" />
                <condition id="-7" name="Compare instance variable" sid="6535570386390114" type="jugador">
                    <param id="0" name="Instance variable">movimientoActual</param>
                    <param id="1" name="Comparison">0</param>
                    <param id="2" name="Value">&quot;Derecha&quot;</param>
                </condition>
            </conditions>
            <actions>
                <action id="4" name="Set animation" sid="4116718946811655" type="jugador">
                    <param id="0" name="Animation">&quot;Default&quot;</param>
                    <param id="1" name="From">1</param>
                </action>
                <action id="5" name="Set frame" sid="7164391320172806" type="jugador">
                    <param id="0" name="Frame number">3</param>
                </action>
            </actions>
        </event-block>
        <event-block sid="8737487283168644">
            <conditions>
                <condition id="-6" name="Every X seconds" sid="2144563306348642" type="System">
                    <param id="0" name="Interval (seconds)">5</param>
                </condition>
            </conditions>
            <actions>
                <action id="-15" name="Set visible" sid="1285942890372327" type="Sprite11">
                    <param id="0" name="Visibility">1</param>
                </action>
                <action id="-15" name="Set visible" sid="7667009797515925" type="Text">
                    <param id="0" name="Visibility">1</param>
                </action>
            </actions>
        </event-block>
    </events>
</c2eventsheet>
