﻿<?xml version="1.0" encoding="utf-8" ?>
<c2eventsheet>
    <!--All the 'name' attributes are ignored by Construct 2 - they are there for readability only.-->
    <name>Event sheet 4</name>
    <events>
        <event-block sid="4441752599340966">
            <conditions>
                <condition id="2" name="Key is down" sid="8041232395938242" type="Keyboard">
                    <param id="0" name="Key">38 (Up arrow)</param>
                </condition>
            </conditions>
            <actions>
                <action id="4" name="Set animation" sid="4901235232135677" type="jugador">
                    <param id="0" name="Animation">&quot;Arriba&quot;</param>
                    <param id="1" name="From">1</param>
                </action>
                <action id="-10" name="Set value" sid="9718718316101935" type="jugador">
                    <param id="0" name="Instance variable">movimientoActual</param>
                    <param id="1" name="Value">jugador.AnimationName</param>
                </action>
            </actions>
        </event-block>
        <event-block sid="1161592001657019">
            <conditions>
                <condition id="2" name="Key is down" sid="8430959569864971" type="Keyboard">
                    <param id="0" name="Key">40 (Down arrow)</param>
                </condition>
            </conditions>
            <actions>
                <action id="4" name="Set animation" sid="5748001432514947" type="jugador">
                    <param id="0" name="Animation">&quot;Abajo&quot;</param>
                    <param id="1" name="From">1</param>
                </action>
                <action id="-10" name="Set value" sid="1763634426339563" type="jugador">
                    <param id="0" name="Instance variable">movimientoActual</param>
                    <param id="1" name="Value">jugador.AnimationName</param>
                </action>
            </actions>
        </event-block>
        <event-block sid="2611518830853887">
            <conditions>
                <condition id="2" name="Key is down" sid="2247591340658761" type="Keyboard">
                    <param id="0" name="Key">37 (Left arrow)</param>
                </condition>
            </conditions>
            <actions>
                <action id="4" name="Set animation" sid="1494331580568946" type="jugador">
                    <param id="0" name="Animation">&quot;Izquierda&quot;</param>
                    <param id="1" name="From">1</param>
                </action>
                <action id="-10" name="Set value" sid="6376313052375864" type="jugador">
                    <param id="0" name="Instance variable">movimientoActual</param>
                    <param id="1" name="Value">jugador.AnimationName</param>
                </action>
            </actions>
        </event-block>
        <event-block sid="95916001990611">
            <conditions>
                <condition id="2" name="Key is down" sid="3684495417232724" type="Keyboard">
                    <param id="0" name="Key">39 (Right arrow)</param>
                </condition>
            </conditions>
            <actions>
                <action id="4" name="Set animation" sid="4519933309653365" type="jugador">
                    <param id="0" name="Animation">&quot;Derecha&quot;</param>
                    <param id="1" name="From">1</param>
                </action>
                <action id="-10" name="Set value" sid="1928707359415551" type="jugador">
                    <param id="0" name="Instance variable">movimientoActual</param>
                    <param id="1" name="Value">jugador.AnimationName</param>
                </action>
            </actions>
        </event-block>
        <event-block sid="3498195703187151">
            <conditions>
                <condition id="7" name="On any key released" sid="3783119060234418" type="Keyboard" />
                <condition id="-7" name="Compare instance variable" sid="5202427351031401" type="jugador">
                    <param id="0" name="Instance variable">movimientoActual</param>
                    <param id="1" name="Comparison">0</param>
                    <param id="2" name="Value">&quot;Arriba&quot;</param>
                </condition>
            </conditions>
            <actions>
                <action id="4" name="Set animation" sid="4056320215675488" type="jugador">
                    <param id="0" name="Animation">&quot;Default&quot;</param>
                    <param id="1" name="From">1</param>
                </action>
                <action id="5" name="Set frame" sid="2847683844043965" type="jugador">
                    <param id="0" name="Frame number">1</param>
                </action>
            </actions>
        </event-block>
        <event-block sid="2838828804858823">
            <conditions>
                <condition id="7" name="On any key released" sid="5897458253699738" type="Keyboard" />
                <condition id="-7" name="Compare instance variable" sid="1690131487749545" type="jugador">
                    <param id="0" name="Instance variable">movimientoActual</param>
                    <param id="1" name="Comparison">0</param>
                    <param id="2" name="Value">&quot;Abajo&quot;</param>
                </condition>
            </conditions>
            <actions>
                <action id="4" name="Set animation" sid="4639224517851109" type="jugador">
                    <param id="0" name="Animation">&quot;Default&quot;</param>
                    <param id="1" name="From">1</param>
                </action>
                <action id="5" name="Set frame" sid="8420211427431042" type="jugador">
                    <param id="0" name="Frame number">0</param>
                </action>
            </actions>
        </event-block>
        <event-block sid="2249392858014057">
            <conditions>
                <condition id="7" name="On any key released" sid="6549956794977084" type="Keyboard" />
                <condition id="-7" name="Compare instance variable" sid="3399086899584919" type="jugador">
                    <param id="0" name="Instance variable">movimientoActual</param>
                    <param id="1" name="Comparison">0</param>
                    <param id="2" name="Value">&quot;Izquierda&quot;</param>
                </condition>
            </conditions>
            <actions>
                <action id="4" name="Set animation" sid="8167566181616816" type="jugador">
                    <param id="0" name="Animation">&quot;Default&quot;</param>
                    <param id="1" name="From">1</param>
                </action>
                <action id="5" name="Set frame" sid="2111310211318044" type="jugador">
                    <param id="0" name="Frame number">2</param>
                </action>
            </actions>
        </event-block>
        <event-block sid="9419472908846365">
            <conditions>
                <condition id="7" name="On any key released" sid="4878092501495898" type="Keyboard" />
                <condition id="-7" name="Compare instance variable" sid="1365424402479958" type="jugador">
                    <param id="0" name="Instance variable">movimientoActual</param>
                    <param id="1" name="Comparison">0</param>
                    <param id="2" name="Value">&quot;Derecha&quot;</param>
                </condition>
            </conditions>
            <actions>
                <action id="4" name="Set animation" sid="8138130414611488" type="jugador">
                    <param id="0" name="Animation">&quot;Default&quot;</param>
                    <param id="1" name="From">1</param>
                </action>
                <action id="5" name="Set frame" sid="3742844017085139" type="jugador">
                    <param id="0" name="Frame number">3</param>
                </action>
            </actions>
        </event-block>
    </events>
</c2eventsheet>
