﻿<?xml version="1.0" encoding="utf-8" ?>
<c2eventsheet>
    <!--All the 'name' attributes are ignored by Construct 2 - they are there for readability only.-->
    <name>Event sheet 3</name>
    <events>
        <event-block sid="399887763113864">
            <conditions>
                <condition id="-2" name="On start of layout" sid="3140215811484231" type="System" />
            </conditions>
            <actions>
                <action id="-3" name="Set position" sid="1905057420427001" type="jugador">
                    <param id="0" name="X">144</param>
                    <param id="1" name="Y">230</param>
                </action>
            </actions>
        </event-block>
        <event-block sid="6711992712611239">
            <conditions>
                <condition id="-2" name="On start of layout" sid="6043518772311536" type="System" />
            </conditions>
            <actions>
                <action id="5" name="Set frame" sid="9394739498006332" type="jugador">
                    <param id="0" name="Frame number">1</param>
                </action>
            </actions>
        </event-block>
        <event-block sid="3051598861790403">
            <conditions>
                <condition id="2" name="Key is down" sid="3678772490182281" type="Keyboard">
                    <param id="0" name="Key">38 (Up arrow)</param>
                </condition>
            </conditions>
            <actions>
                <action id="4" name="Set animation" sid="2359432884782215" type="jugador">
                    <param id="0" name="Animation">&quot;Arriba&quot;</param>
                    <param id="1" name="From">1</param>
                </action>
                <action id="-10" name="Set value" sid="1596077426796305" type="jugador">
                    <param id="0" name="Instance variable">movimientoActual</param>
                    <param id="1" name="Value">jugador.AnimationName</param>
                </action>
            </actions>
        </event-block>
        <event-block sid="2486437511141659">
            <conditions>
                <condition id="2" name="Key is down" sid="1178183532517629" type="Keyboard">
                    <param id="0" name="Key">40 (Down arrow)</param>
                </condition>
            </conditions>
            <actions>
                <action id="4" name="Set animation" sid="4142495947151286" type="jugador">
                    <param id="0" name="Animation">&quot;Abajo&quot;</param>
                    <param id="1" name="From">1</param>
                </action>
                <action id="-10" name="Set value" sid="549504527110589" type="jugador">
                    <param id="0" name="Instance variable">movimientoActual</param>
                    <param id="1" name="Value">jugador.AnimationName</param>
                </action>
            </actions>
        </event-block>
        <event-block sid="1665900464458388">
            <conditions>
                <condition id="2" name="Key is down" sid="4355918180516638" type="Keyboard">
                    <param id="0" name="Key">37 (Left arrow)</param>
                </condition>
            </conditions>
            <actions>
                <action id="4" name="Set animation" sid="1889470101823074" type="jugador">
                    <param id="0" name="Animation">&quot;Izquierda&quot;</param>
                    <param id="1" name="From">1</param>
                </action>
                <action id="-10" name="Set value" sid="4768513822990961" type="jugador">
                    <param id="0" name="Instance variable">movimientoActual</param>
                    <param id="1" name="Value">jugador.AnimationName</param>
                </action>
            </actions>
        </event-block>
        <event-block sid="6026596630342103">
            <conditions>
                <condition id="2" name="Key is down" sid="1365790463134664" type="Keyboard">
                    <param id="0" name="Key">39 (Right arrow)</param>
                </condition>
            </conditions>
            <actions>
                <action id="4" name="Set animation" sid="8736020970830743" type="jugador">
                    <param id="0" name="Animation">&quot;Derecha&quot;</param>
                    <param id="1" name="From">1</param>
                </action>
                <action id="-10" name="Set value" sid="6445664523493555" type="jugador">
                    <param id="0" name="Instance variable">movimientoActual</param>
                    <param id="1" name="Value">jugador.AnimationName</param>
                </action>
            </actions>
        </event-block>
        <event-block sid="6047330360964969">
            <conditions>
                <condition id="7" name="On any key released" sid="708813389373675" type="Keyboard" />
                <condition id="-7" name="Compare instance variable" sid="5808811125885138" type="jugador">
                    <param id="0" name="Instance variable">movimientoActual</param>
                    <param id="1" name="Comparison">0</param>
                    <param id="2" name="Value">&quot;Arriba&quot;</param>
                </condition>
            </conditions>
            <actions>
                <action id="4" name="Set animation" sid="1943018402212762" type="jugador">
                    <param id="0" name="Animation">&quot;Default&quot;</param>
                    <param id="1" name="From">1</param>
                </action>
                <action id="5" name="Set frame" sid="8232281934409122" type="jugador">
                    <param id="0" name="Frame number">1</param>
                </action>
            </actions>
        </event-block>
        <event-block sid="9422758698479539">
            <conditions>
                <condition id="7" name="On any key released" sid="8012005325978292" type="Keyboard" />
                <condition id="-7" name="Compare instance variable" sid="1220297371569125" type="jugador">
                    <param id="0" name="Instance variable">movimientoActual</param>
                    <param id="1" name="Comparison">0</param>
                    <param id="2" name="Value">&quot;Abajo&quot;</param>
                </condition>
            </conditions>
            <actions>
                <action id="4" name="Set animation" sid="8782817381102029" type="jugador">
                    <param id="0" name="Animation">&quot;Default&quot;</param>
                    <param id="1" name="From">1</param>
                </action>
                <action id="5" name="Set frame" sid="4506969342107385" type="jugador">
                    <param id="0" name="Frame number">0</param>
                </action>
            </actions>
        </event-block>
        <event-block sid="9297295368940254">
            <conditions>
                <condition id="7" name="On any key released" sid="4548210668367469" type="Keyboard" />
                <condition id="-7" name="Compare instance variable" sid="7997339430219633" type="jugador">
                    <param id="0" name="Instance variable">movimientoActual</param>
                    <param id="1" name="Comparison">0</param>
                    <param id="2" name="Value">&quot;Izquierda&quot;</param>
                </condition>
            </conditions>
            <actions>
                <action id="4" name="Set animation" sid="5912701891033525" type="jugador">
                    <param id="0" name="Animation">&quot;Default&quot;</param>
                    <param id="1" name="From">1</param>
                </action>
                <action id="5" name="Set frame" sid="9426042328583114" type="jugador">
                    <param id="0" name="Frame number">2</param>
                </action>
            </actions>
        </event-block>
        <event-block sid="7262258802076659">
            <conditions>
                <condition id="7" name="On any key released" sid="5014226768083882" type="Keyboard" />
                <condition id="-7" name="Compare instance variable" sid="2391043623654819" type="jugador">
                    <param id="0" name="Instance variable">movimientoActual</param>
                    <param id="1" name="Comparison">0</param>
                    <param id="2" name="Value">&quot;Derecha&quot;</param>
                </condition>
            </conditions>
            <actions>
                <action id="4" name="Set animation" sid="7637794493691603" type="jugador">
                    <param id="0" name="Animation">&quot;Default&quot;</param>
                    <param id="1" name="From">1</param>
                </action>
                <action id="5" name="Set frame" sid="7939435144078757" type="jugador">
                    <param id="0" name="Frame number">3</param>
                </action>
            </actions>
        </event-block>
        <event-block sid="6342446896539422">
            <conditions>
                <condition id="0" name="On collision with another object" sid="4205571471839768" type="jugador">
                    <param id="0" name="Object">salida</param>
                </condition>
            </conditions>
            <actions>
                <action id="-2" name="Go to layout" sid="8370535933706566" type="System">
                    <param id="0" name="Layout">pueblo</param>
                </action>
                <action id="-37" name="Load" sid="5737426227021989" type="System">
                    <param id="0" name="Slot">&quot;casa1Save&quot;</param>
                </action>
            </actions>
        </event-block>
    </events>
</c2eventsheet>
