﻿<?xml version="1.0" encoding="utf-8" ?>
<c2eventsheet>
    <!--All the 'name' attributes are ignored by Construct 2 - they are there for readability only.-->
    <name>Event sheet 1</name>
    <events>
        <event-block sid="628733797854383">
            <conditions>
                <condition id="-2" name="On start of layout" sid="8343929569381687" type="System" />
            </conditions>
            <actions>
                <action id="-3" name="Set position" sid="4448692300045187" type="jugador">
                    <param id="0" name="X">320</param>
                    <param id="1" name="Y">416</param>
                </action>
            </actions>
        </event-block>
        <event-block sid="4259204504161152">
            <conditions>
                <condition id="2" name="Key is down" sid="9233540852368726" type="Keyboard">
                    <param id="0" name="Key">38 (Up arrow)</param>
                </condition>
            </conditions>
            <actions>
                <action id="4" name="Set animation" sid="2436197450859495" type="jugador">
                    <param id="0" name="Animation">&quot;Arriba&quot;</param>
                    <param id="1" name="From">1</param>
                </action>
                <action id="-10" name="Set value" sid="5482478628391504" type="jugador">
                    <param id="0" name="Instance variable">movimientoActual</param>
                    <param id="1" name="Value">jugador.AnimationName</param>
                </action>
            </actions>
        </event-block>
        <event-block sid="6136170252356791">
            <conditions>
                <condition id="2" name="Key is down" sid="4441377973460425" type="Keyboard">
                    <param id="0" name="Key">40 (Down arrow)</param>
                </condition>
            </conditions>
            <actions>
                <action id="4" name="Set animation" sid="950036923308046" type="jugador">
                    <param id="0" name="Animation">&quot;Abajo&quot;</param>
                    <param id="1" name="From">1</param>
                </action>
                <action id="-10" name="Set value" sid="7634940761267428" type="jugador">
                    <param id="0" name="Instance variable">movimientoActual</param>
                    <param id="1" name="Value">jugador.AnimationName</param>
                </action>
            </actions>
        </event-block>
        <event-block sid="5128173531555296">
            <conditions>
                <condition id="2" name="Key is down" sid="4509902919818218" type="Keyboard">
                    <param id="0" name="Key">37 (Left arrow)</param>
                </condition>
            </conditions>
            <actions>
                <action id="4" name="Set animation" sid="1702014759702452" type="jugador">
                    <param id="0" name="Animation">&quot;Izquierda&quot;</param>
                    <param id="1" name="From">1</param>
                </action>
                <action id="-10" name="Set value" sid="9150767146292749" type="jugador">
                    <param id="0" name="Instance variable">movimientoActual</param>
                    <param id="1" name="Value">jugador.AnimationName</param>
                </action>
            </actions>
        </event-block>
        <event-block sid="2608186361152374">
            <conditions>
                <condition id="2" name="Key is down" sid="7643794803720846" type="Keyboard">
                    <param id="0" name="Key">39 (Right arrow)</param>
                </condition>
            </conditions>
            <actions>
                <action id="4" name="Set animation" sid="2184286869182895" type="jugador">
                    <param id="0" name="Animation">&quot;Derecha&quot;</param>
                    <param id="1" name="From">1</param>
                </action>
                <action id="-10" name="Set value" sid="9752469057119641" type="jugador">
                    <param id="0" name="Instance variable">movimientoActual</param>
                    <param id="1" name="Value">jugador.AnimationName</param>
                </action>
            </actions>
        </event-block>
        <event-block sid="3775678139690253">
            <conditions>
                <condition id="7" name="On any key released" sid="4955914126030099" type="Keyboard" />
                <condition id="-7" name="Compare instance variable" sid="5739127131062508" type="jugador">
                    <param id="0" name="Instance variable">movimientoActual</param>
                    <param id="1" name="Comparison">0</param>
                    <param id="2" name="Value">&quot;Arriba&quot;</param>
                </condition>
            </conditions>
            <actions>
                <action id="4" name="Set animation" sid="2910234744608711" type="jugador">
                    <param id="0" name="Animation">&quot;Default&quot;</param>
                    <param id="1" name="From">1</param>
                </action>
                <action id="5" name="Set frame" sid="1196694589879869" type="jugador">
                    <param id="0" name="Frame number">1</param>
                </action>
            </actions>
        </event-block>
        <event-block sid="1109053081983487">
            <conditions>
                <condition id="7" name="On any key released" sid="7782255241696155" type="Keyboard" />
                <condition id="-7" name="Compare instance variable" sid="7333438249677254" type="jugador">
                    <param id="0" name="Instance variable">movimientoActual</param>
                    <param id="1" name="Comparison">0</param>
                    <param id="2" name="Value">&quot;Abajo&quot;</param>
                </condition>
            </conditions>
            <actions>
                <action id="4" name="Set animation" sid="7222061494669667" type="jugador">
                    <param id="0" name="Animation">&quot;Default&quot;</param>
                    <param id="1" name="From">1</param>
                </action>
                <action id="5" name="Set frame" sid="9469087243636024" type="jugador">
                    <param id="0" name="Frame number">0</param>
                </action>
            </actions>
        </event-block>
        <event-block sid="9628230786730644">
            <conditions>
                <condition id="7" name="On any key released" sid="6133286820973453" type="Keyboard" />
                <condition id="-7" name="Compare instance variable" sid="7922103178240449" type="jugador">
                    <param id="0" name="Instance variable">movimientoActual</param>
                    <param id="1" name="Comparison">0</param>
                    <param id="2" name="Value">&quot;Izquierda&quot;</param>
                </condition>
            </conditions>
            <actions>
                <action id="4" name="Set animation" sid="4879490015096284" type="jugador">
                    <param id="0" name="Animation">&quot;Default&quot;</param>
                    <param id="1" name="From">1</param>
                </action>
                <action id="5" name="Set frame" sid="6687555779572148" type="jugador">
                    <param id="0" name="Frame number">2</param>
                </action>
            </actions>
        </event-block>
        <event-block sid="7372701520068578">
            <conditions>
                <condition id="7" name="On any key released" sid="7407860189109076" type="Keyboard" />
                <condition id="-7" name="Compare instance variable" sid="8962339643186743" type="jugador">
                    <param id="0" name="Instance variable">movimientoActual</param>
                    <param id="1" name="Comparison">0</param>
                    <param id="2" name="Value">&quot;Derecha&quot;</param>
                </condition>
            </conditions>
            <actions>
                <action id="4" name="Set animation" sid="7479424142880629" type="jugador">
                    <param id="0" name="Animation">&quot;Default&quot;</param>
                    <param id="1" name="From">1</param>
                </action>
                <action id="5" name="Set frame" sid="7910603358729578" type="jugador">
                    <param id="0" name="Frame number">3</param>
                </action>
            </actions>
        </event-block>
        <event-block sid="4864077180255233">
            <conditions>
                <condition id="2" name="Key is down" sid="4811504075897449" type="Keyboard">
                    <param id="0" name="Key">81 (Q)</param>
                </condition>
            </conditions>
            <actions>
                <action id="-2" name="Go to layout" sid="4369176315354472" type="System">
                    <param id="0" name="Layout">cuartoInicial</param>
                </action>
            </actions>
        </event-block>
        <event-block any="1" sid="2477995216852065">
            <conditions>
                <condition id="0" name="On collision with another object" sid="2357290460774112" type="jugador">
                    <param id="0" name="Object">puertacasa1</param>
                </condition>
                <condition id="2" name="Key is down" sid="9468331726243216" type="Keyboard">
                    <param id="0" name="Key">69 (E)</param>
                </condition>
            </conditions>
            <actions>
                <action id="-2" name="Go to layout" sid="5656139435385283" type="System">
                    <param id="0" name="Layout">Casa1</param>
                </action>
                <action id="-36" name="Save" sid="6316750137087443" type="System">
                    <param id="0" name="Slot">&quot;casa1Save&quot;</param>
                </action>
            </actions>
        </event-block>
        <event-group description="" sid="6556476888533873" title="NPC">
            <sub-events>
                <event-block sid="1082315295270914">
                    <conditions>
                        <condition id="-7" name="Compare instance variable" sid="236913297690317" type="NPC">
                            <param id="0" name="Instance variable">Mover</param>
                            <param id="1" name="Comparison">0</param>
                            <param id="2" name="Value">&quot;Derecha&quot;</param>
                        </condition>
                    </conditions>
                    <actions>
                        <action behavior="8Direction" id="7" name="Simulate control" sid="4961721950629126" type="NPC">
                            <param id="0" name="Control">1</param>
                        </action>
                    </actions>
                </event-block>
                <event-block sid="1226931016279931">
                    <conditions>
                        <condition id="-7" name="Compare instance variable" sid="1860300733333231" type="NPC">
                            <param id="0" name="Instance variable">Mover</param>
                            <param id="1" name="Comparison">0</param>
                            <param id="2" name="Value">&quot;Arriba&quot;</param>
                        </condition>
                    </conditions>
                    <actions>
                        <action behavior="8Direction" id="7" name="Simulate control" sid="6723388789347185" type="NPC">
                            <param id="0" name="Control">2</param>
                        </action>
                    </actions>
                </event-block>
                <event-block sid="2183280534993786">
                    <conditions>
                        <condition id="-7" name="Compare instance variable" sid="7258205324051282" type="NPC">
                            <param id="0" name="Instance variable">Mover</param>
                            <param id="1" name="Comparison">0</param>
                            <param id="2" name="Value">&quot;Izquierda&quot;</param>
                        </condition>
                    </conditions>
                    <actions>
                        <action behavior="8Direction" id="7" name="Simulate control" sid="7801160986376482" type="NPC">
                            <param id="0" name="Control">0</param>
                        </action>
                    </actions>
                </event-block>
                <event-block sid="6100767945833188">
                    <conditions>
                        <condition id="-7" name="Compare instance variable" sid="5781986190310151" type="NPC">
                            <param id="0" name="Instance variable">Mover</param>
                            <param id="1" name="Comparison">0</param>
                            <param id="2" name="Value">&quot;Abajo&quot;</param>
                        </condition>
                    </conditions>
                    <actions>
                        <action behavior="8Direction" id="7" name="Simulate control" sid="6878782636975557" type="NPC">
                            <param id="0" name="Control">3</param>
                        </action>
                    </actions>
                </event-block>
                <event-block sid="4016043661450124">
                    <conditions>
                        <condition id="0" name="On collision with another object" sid="983309729529105" type="NPC">
                            <param id="0" name="Object">Movimientos</param>
                        </condition>
                    </conditions>
                    <actions>
                        <action id="-16" name="Wait" sid="8791210892044743" type="System">
                            <param id="0" name="Seconds">0.2</param>
                        </action>
                        <action id="4" name="Set animation" sid="8663825900960751" type="NPC">
                            <param id="0" name="Animation">&quot;1&quot;</param>
                            <param id="1" name="From">1</param>
                        </action>
                        <action id="0" name="Call function" sid="6140192758191453" type="Function">
                            <param id="0" name="Name">&quot;SetNPCFrame&quot;</param>
                            <param id="1" name="Parameter {n}">NPC.UID</param>
                        </action>
                        <action id="-10" name="Set value" sid="1885821314602204" type="NPC">
                            <param id="0" name="Instance variable">Mover</param>
                            <param id="1" name="Value">&quot;&quot;</param>
                        </action>
                    </actions>
                    <sub-events>
                        <event-block sid="6863128949117561">
                            <conditions>
                                <condition id="-7" name="Compare instance variable" sid="3776783863481598" type="Movimientos">
                                    <param id="0" name="Instance variable">Random</param>
                                    <param id="1" name="Comparison">0</param>
                                    <param id="2" name="Value">0</param>
                                </condition>
                            </conditions>
                            <actions>
                                <action id="-16" name="Wait" sid="8574776012599588" type="System">
                                    <param id="0" name="Seconds">round(random(2,5))</param>
                                </action>
                                <action id="-10" name="Set value" sid="9011378399231782" type="NPC">
                                    <param id="0" name="Instance variable">Mover</param>
                                    <param id="1" name="Value">Movimientos.Mover</param>
                                </action>
                                <action id="0" name="Call function" sid="2251562872999279" type="Function">
                                    <param id="0" name="Name">&quot;AnimarNPC&quot;</param>
                                    <param id="1" name="Parameter {n}">NPC.UID</param>
                                </action>
                            </actions>
                        </event-block>
                        <comment>Random NPC MOVIMIENTO</comment>
                        <event-block sid="9766837253357623">
                            <conditions>
                                <condition id="-7" name="Compare instance variable" sid="2701410278477192" type="Movimientos">
                                    <param id="0" name="Instance variable">Random</param>
                                    <param id="1" name="Comparison">0</param>
                                    <param id="2" name="Value">1</param>
                                </condition>
                            </conditions>
                            <actions />
                            <sub-events>
                                <event-block sid="1301797853843184">
                                    <conditions>
                                        <condition id="-7" name="Compare instance variable" sid="2752133123608909" type="Movimientos">
                                            <param id="0" name="Instance variable">Mover</param>
                                            <param id="1" name="Comparison">0</param>
                                            <param id="2" name="Value">&quot;AbajoDerecha&quot;</param>
                                        </condition>
                                    </conditions>
                                    <actions>
                                        <action id="-16" name="Wait" sid="3501404166707019" type="System">
                                            <param id="0" name="Seconds">round(random(2,5))</param>
                                        </action>
                                        <action id="-10" name="Set value" sid="8367676442280552" type="NPC">
                                            <param id="0" name="Instance variable">Mover</param>
                                            <param id="1" name="Value">choose(&quot;Abajo&quot;,&quot;Derecha&quot;)</param>
                                        </action>
                                        <action id="0" name="Call function" sid="198532376242647" type="Function">
                                            <param id="0" name="Name">&quot;AnimarNPC&quot;</param>
                                            <param id="1" name="Parameter {n}">NPC.UID</param>
                                        </action>
                                    </actions>
                                </event-block>
                                <event-block sid="5093962431969384">
                                    <conditions>
                                        <condition id="-7" name="Compare instance variable" sid="5429715008346984" type="Movimientos">
                                            <param id="0" name="Instance variable">Mover</param>
                                            <param id="1" name="Comparison">0</param>
                                            <param id="2" name="Value">&quot;ArribaIzquierda&quot;</param>
                                        </condition>
                                    </conditions>
                                    <actions>
                                        <action id="-16" name="Wait" sid="7973515769401947" type="System">
                                            <param id="0" name="Seconds">round(random(2,5))</param>
                                        </action>
                                        <action id="-10" name="Set value" sid="1877672089293131" type="NPC">
                                            <param id="0" name="Instance variable">Mover</param>
                                            <param id="1" name="Value">choose(&quot;Arriba&quot;,&quot;Izquierda&quot;)</param>
                                        </action>
                                        <action id="0" name="Call function" sid="8172876489348611" type="Function">
                                            <param id="0" name="Name">&quot;AnimarNPC&quot;</param>
                                            <param id="1" name="Parameter {n}">NPC.UID</param>
                                        </action>
                                    </actions>
                                </event-block>
                                <event-block sid="4578175233193877">
                                    <conditions>
                                        <condition id="-7" name="Compare instance variable" sid="3103728582120843" type="Movimientos">
                                            <param id="0" name="Instance variable">Mover</param>
                                            <param id="1" name="Comparison">0</param>
                                            <param id="2" name="Value">&quot;ArribaIzquierda&quot;</param>
                                        </condition>
                                    </conditions>
                                    <actions>
                                        <action id="-16" name="Wait" sid="8167684592764117" type="System">
                                            <param id="0" name="Seconds">round(random(2,5))</param>
                                        </action>
                                        <action id="-10" name="Set value" sid="6975402133813274" type="NPC">
                                            <param id="0" name="Instance variable">Mover</param>
                                            <param id="1" name="Value">choose(&quot;Abajo&quot;,&quot;Izquierda&quot;)</param>
                                        </action>
                                        <action id="0" name="Call function" sid="9560258889274763" type="Function">
                                            <param id="0" name="Name">&quot;AnimarNPC&quot;</param>
                                            <param id="1" name="Parameter {n}">NPC.UID</param>
                                        </action>
                                    </actions>
                                </event-block>
                            </sub-events>
                        </event-block>
                    </sub-events>
                </event-block>
            </sub-events>
        </event-group>
        <event-block sid="8506824265201989">
            <conditions>
                <condition id="0" name="On function" sid="6164093588104673" type="Function">
                    <param id="0" name="Name">&quot;AnimarNPC&quot;</param>
                </condition>
            </conditions>
            <actions />
        </event-block>
        <event-block sid="3389899878673964">
            <conditions>
                <condition id="-14" name="Pick by unique ID" sid="1056718868591484" type="NPC">
                    <param id="0" name="Unique ID">Function.Param(0)</param>
                </condition>
            </conditions>
            <actions>
                <action id="4" name="Set animation" sid="8179921129245078" type="NPC">
                    <param id="0" name="Animation">NPC.Mover</param>
                    <param id="1" name="From">1</param>
                </action>
            </actions>
        </event-block>
        <event-block sid="2276540717610194">
            <conditions>
                <condition id="-2" name="On start of layout" sid="4261179656324715" type="System" />
            </conditions>
            <actions>
                <action id="4" name="Set animation" sid="3622736089886499" type="NPC">
                    <param id="0" name="Animation">NPC.Mover</param>
                    <param id="1" name="From">1</param>
                </action>
            </actions>
        </event-block>
        <event-block sid="162049236566737">
            <conditions>
                <condition id="0" name="On function" sid="6025117476150155" type="Function">
                    <param id="0" name="Name">&quot;SetNPCFrame&quot;</param>
                </condition>
            </conditions>
            <actions />
            <sub-events>
                <event-block sid="230466544137064">
                    <conditions>
                        <condition id="-14" name="Pick by unique ID" sid="1298831328420513" type="NPC">
                            <param id="0" name="Unique ID">Function.Param(0)</param>
                        </condition>
                    </conditions>
                    <actions />
                    <sub-events>
                        <event-block sid="9184784815607324">
                            <conditions>
                                <condition id="-7" name="Compare instance variable" sid="3927042031880692" type="NPC">
                                    <param id="0" name="Instance variable">Mover</param>
                                    <param id="1" name="Comparison">0</param>
                                    <param id="2" name="Value">&quot;Abajo&quot;</param>
                                </condition>
                            </conditions>
                            <actions>
                                <action id="5" name="Set frame" sid="3373834005076865" type="NPC">
                                    <param id="0" name="Frame number">0</param>
                                </action>
                            </actions>
                        </event-block>
                        <event-block sid="33246590810462">
                            <conditions>
                                <condition id="-7" name="Compare instance variable" sid="9179412142467052" type="NPC">
                                    <param id="0" name="Instance variable">Mover</param>
                                    <param id="1" name="Comparison">0</param>
                                    <param id="2" name="Value">&quot;Arriba&quot;</param>
                                </condition>
                            </conditions>
                            <actions>
                                <action id="5" name="Set frame" sid="6839517374179346" type="NPC">
                                    <param id="0" name="Frame number">1</param>
                                </action>
                            </actions>
                        </event-block>
                        <event-block sid="7391909368380368">
                            <conditions>
                                <condition id="-7" name="Compare instance variable" sid="218263225702308" type="NPC">
                                    <param id="0" name="Instance variable">Mover</param>
                                    <param id="1" name="Comparison">0</param>
                                    <param id="2" name="Value">&quot;Izquierda&quot;</param>
                                </condition>
                            </conditions>
                            <actions>
                                <action id="5" name="Set frame" sid="4438786084517181" type="NPC">
                                    <param id="0" name="Frame number">2</param>
                                </action>
                            </actions>
                        </event-block>
                        <event-block sid="1387950051478076">
                            <conditions>
                                <condition id="-7" name="Compare instance variable" sid="2732200560045715" type="NPC">
                                    <param id="0" name="Instance variable">Mover</param>
                                    <param id="1" name="Comparison">0</param>
                                    <param id="2" name="Value">&quot;Derecha&quot;</param>
                                </condition>
                            </conditions>
                            <actions>
                                <action id="5" name="Set frame" sid="5840679657596624" type="NPC">
                                    <param id="0" name="Frame number">3</param>
                                </action>
                            </actions>
                        </event-block>
                    </sub-events>
                </event-block>
            </sub-events>
        </event-block>
    </events>
</c2eventsheet>
