﻿<?xml version="1.0" encoding="utf-8" ?>
<c2eventsheet>
    <!--All the 'name' attributes are ignored by Construct 2 - they are there for readability only.-->
    <name>Event sheet 1</name>
    <events>
        <event-block sid="628733797854383">
            <conditions>
                <condition id="-2" name="On start of layout" sid="8343929569381687" type="System" />
            </conditions>
            <actions>
                <action id="-3" name="Set position" sid="4448692300045187" type="jugador">
                    <param id="0" name="X">127</param>
                    <param id="1" name="Y">10</param>
                </action>
            </actions>
        </event-block>
        <event-block sid="4259204504161152">
            <conditions>
                <condition id="2" name="Key is down" sid="9233540852368726" type="Keyboard">
                    <param id="0" name="Key">38 (Up arrow)</param>
                </condition>
            </conditions>
            <actions>
                <action id="4" name="Set animation" sid="2436197450859495" type="jugador">
                    <param id="0" name="Animation">&quot;Arriba&quot;</param>
                    <param id="1" name="From">1</param>
                </action>
                <action id="-10" name="Set value" sid="5482478628391504" type="jugador">
                    <param id="0" name="Instance variable">movimientoActual</param>
                    <param id="1" name="Value">jugador.AnimationName</param>
                </action>
            </actions>
        </event-block>
        <event-block sid="6136170252356791">
            <conditions>
                <condition id="2" name="Key is down" sid="4441377973460425" type="Keyboard">
                    <param id="0" name="Key">40 (Down arrow)</param>
                </condition>
            </conditions>
            <actions>
                <action id="4" name="Set animation" sid="950036923308046" type="jugador">
                    <param id="0" name="Animation">&quot;Abajo&quot;</param>
                    <param id="1" name="From">1</param>
                </action>
                <action id="-10" name="Set value" sid="7634940761267428" type="jugador">
                    <param id="0" name="Instance variable">movimientoActual</param>
                    <param id="1" name="Value">jugador.AnimationName</param>
                </action>
            </actions>
        </event-block>
        <event-block sid="5128173531555296">
            <conditions>
                <condition id="2" name="Key is down" sid="4509902919818218" type="Keyboard">
                    <param id="0" name="Key">37 (Left arrow)</param>
                </condition>
            </conditions>
            <actions>
                <action id="4" name="Set animation" sid="1702014759702452" type="jugador">
                    <param id="0" name="Animation">&quot;Izquierda&quot;</param>
                    <param id="1" name="From">1</param>
                </action>
                <action id="-10" name="Set value" sid="9150767146292749" type="jugador">
                    <param id="0" name="Instance variable">movimientoActual</param>
                    <param id="1" name="Value">jugador.AnimationName</param>
                </action>
            </actions>
        </event-block>
        <event-block sid="2608186361152374">
            <conditions>
                <condition id="2" name="Key is down" sid="7643794803720846" type="Keyboard">
                    <param id="0" name="Key">39 (Right arrow)</param>
                </condition>
            </conditions>
            <actions>
                <action id="4" name="Set animation" sid="2184286869182895" type="jugador">
                    <param id="0" name="Animation">&quot;Derecha&quot;</param>
                    <param id="1" name="From">1</param>
                </action>
                <action id="-10" name="Set value" sid="9752469057119641" type="jugador">
                    <param id="0" name="Instance variable">movimientoActual</param>
                    <param id="1" name="Value">jugador.AnimationName</param>
                </action>
            </actions>
        </event-block>
        <event-block sid="3775678139690253">
            <conditions>
                <condition id="7" name="On any key released" sid="4955914126030099" type="Keyboard" />
                <condition id="-7" name="Compare instance variable" sid="5739127131062508" type="jugador">
                    <param id="0" name="Instance variable">movimientoActual</param>
                    <param id="1" name="Comparison">0</param>
                    <param id="2" name="Value">&quot;Arriba&quot;</param>
                </condition>
            </conditions>
            <actions>
                <action id="4" name="Set animation" sid="2910234744608711" type="jugador">
                    <param id="0" name="Animation">&quot;Default&quot;</param>
                    <param id="1" name="From">1</param>
                </action>
                <action id="5" name="Set frame" sid="1196694589879869" type="jugador">
                    <param id="0" name="Frame number">1</param>
                </action>
            </actions>
        </event-block>
        <event-block sid="1109053081983487">
            <conditions>
                <condition id="7" name="On any key released" sid="7782255241696155" type="Keyboard" />
                <condition id="-7" name="Compare instance variable" sid="7333438249677254" type="jugador">
                    <param id="0" name="Instance variable">movimientoActual</param>
                    <param id="1" name="Comparison">0</param>
                    <param id="2" name="Value">&quot;Abajo&quot;</param>
                </condition>
            </conditions>
            <actions>
                <action id="4" name="Set animation" sid="7222061494669667" type="jugador">
                    <param id="0" name="Animation">&quot;Default&quot;</param>
                    <param id="1" name="From">1</param>
                </action>
                <action id="5" name="Set frame" sid="9469087243636024" type="jugador">
                    <param id="0" name="Frame number">0</param>
                </action>
            </actions>
        </event-block>
        <event-block sid="9628230786730644">
            <conditions>
                <condition id="7" name="On any key released" sid="6133286820973453" type="Keyboard" />
                <condition id="-7" name="Compare instance variable" sid="7922103178240449" type="jugador">
                    <param id="0" name="Instance variable">movimientoActual</param>
                    <param id="1" name="Comparison">0</param>
                    <param id="2" name="Value">&quot;Izquierda&quot;</param>
                </condition>
            </conditions>
            <actions>
                <action id="4" name="Set animation" sid="4879490015096284" type="jugador">
                    <param id="0" name="Animation">&quot;Default&quot;</param>
                    <param id="1" name="From">1</param>
                </action>
                <action id="5" name="Set frame" sid="6687555779572148" type="jugador">
                    <param id="0" name="Frame number">2</param>
                </action>
            </actions>
        </event-block>
        <event-block sid="7372701520068578">
            <conditions>
                <condition id="7" name="On any key released" sid="7407860189109076" type="Keyboard" />
                <condition id="-7" name="Compare instance variable" sid="8962339643186743" type="jugador">
                    <param id="0" name="Instance variable">movimientoActual</param>
                    <param id="1" name="Comparison">0</param>
                    <param id="2" name="Value">&quot;Derecha&quot;</param>
                </condition>
            </conditions>
            <actions>
                <action id="4" name="Set animation" sid="7479424142880629" type="jugador">
                    <param id="0" name="Animation">&quot;Default&quot;</param>
                    <param id="1" name="From">1</param>
                </action>
                <action id="5" name="Set frame" sid="7910603358729578" type="jugador">
                    <param id="0" name="Frame number">3</param>
                </action>
            </actions>
        </event-block>
        <event-block sid="4864077180255233">
            <conditions>
                <condition id="2" name="Key is down" sid="4811504075897449" type="Keyboard">
                    <param id="0" name="Key">81 (Q)</param>
                </condition>
            </conditions>
            <actions>
                <action id="-2" name="Go to layout" sid="4369176315354472" type="System">
                    <param id="0" name="Layout">cuartoInicial</param>
                </action>
            </actions>
        </event-block>
        <event-block any="1" sid="2477995216852065">
            <conditions>
                <condition id="0" name="On collision with another object" sid="2357290460774112" type="jugador">
                    <param id="0" name="Object">puertacasa1</param>
                </condition>
                <condition id="2" name="Key is down" sid="9468331726243216" type="Keyboard">
                    <param id="0" name="Key">69 (E)</param>
                </condition>
            </conditions>
            <actions>
                <action id="-2" name="Go to layout" sid="5656139435385283" type="System">
                    <param id="0" name="Layout">Casa1</param>
                </action>
                <action id="-36" name="Save" sid="6316750137087443" type="System">
                    <param id="0" name="Slot">&quot;casa1Save&quot;</param>
                </action>
            </actions>
        </event-block>
    </events>
</c2eventsheet>
