﻿<?xml version="1.0" encoding="utf-8" ?>
<c2eventsheet>
    <!--All the 'name' attributes are ignored by Construct 2 - they are there for readability only.-->
    <name>Event sheet 5</name>
    <events>
        <event-block sid="441869589830161">
            <conditions>
                <condition id="0" name="On clicked" sid="9396257331614483" type="Iniciar" />
            </conditions>
            <actions>
                <action id="-2" name="Go to layout" sid="1093380156019117" type="System">
                    <param id="0" name="Layout">pueblo</param>
                </action>
            </actions>
        </event-block>
        <event-block sid="3451103495166569">
            <conditions>
                <condition id="-2" name="On start of layout" sid="2805559206406479" type="System" />
            </conditions>
            <actions>
                <action id="0" name="Play" sid="190570417583134" type="Audio">
                    <param id="0" name="Audio file">8-bit Detective</param>
                    <param id="2" name="Loop">1</param>
                    <param id="3" name="Volume">5</param>
                    <param id="1" name="Tag (optional)">&quot;&quot;</param>
                </action>
            </actions>
        </event-block>
        <event-block sid="5549007992079098">
            <conditions>
                <condition id="-3" name="On end of layout" sid="6167605181872594" type="System" />
            </conditions>
            <actions>
                <action id="6" name="Stop" sid="6488065804918464" type="Audio">
                    <param id="0" name="Tag">&quot;&quot;</param>
                </action>
            </actions>
        </event-block>
    </events>
</c2eventsheet>
